{"cameraMode":{"drawMode":0,"name":"Shaded","section":"Shading Mode"},"sceneLighting":true,"audioPlay":false,"sceneViewState":{"m_AlwaysRefresh":false,"showFog":true,"showSkybox":true,"showFlares":true,"showImageEffects":true,"showParticleSystems":true,"showVisualEffectGraphs":true,"m_FxEnabled":true},"in2DMode":false,"pivot":{"x":-39.543636322021487,"y":5.021547317504883,"z":-52.97254943847656},"rotation":{"x":0.020618805661797525,"y":0.9459977746009827,"z":-0.06139494851231575,"w":0.31768378615379336},"size":5.5142974853515629,"orthographic":false}