{"cameraMode":{"drawMode":0,"name":"Shaded","section":"Shading Mode"},"sceneLighting":true,"audioPlay":false,"sceneViewState":{"m_AlwaysRefresh":false,"showFog":true,"showSkybox":true,"showFlares":true,"showImageEffects":true,"showParticleSystems":true,"showVisualEffectGraphs":true,"m_FxEnabled":true},"in2DMode":false,"pivot":{"x":405.5937194824219,"y":-3.642245292663574,"z":-598.788818359375},"rotation":{"x":0.018304094672203065,"y":-0.02218412421643734,"z":0.00041061497176997364,"w":0.9995976090431213},"size":104.17164611816406,"orthographic":false}